username,email,password
tctkyxuj,fbwdjvan@jcssgy.com,4NsJla4t9I5H
username,email,password
xiialuxy,fbwdjvan@adorgp.com,d5sp98MKOSq5
username,email,password
bvfvuffc,fbwdjvan@mihypa.com,9DP4Gy7Akl2t
username,email,password
xlgzzkux,fbwdjvan@txmnsq.com,450tPLqNnTs0
username,email,password
cdlqohhw,fbwdjvan@bkcxmg.com,rO6kYz70aQ8Y
username,email,password
gsbkzpko,fbwdjvan@srcrqq.com,6Iq0i4Im6QHb
username,email,password
ukcsvuhz,fbwdjvan@gmyhzq.com,uyNQ0T55i4fN
username,email,password
aeozxjkq,fbwdjvan@flxcbq.com,2m8q6Jq5WtBC
username,email,password
qjfaxhek,fbwdjvan@qupivn.com,56lDjJauP1C3
username,email,password
zmhucvtj,fbwdjvan@onuvmb.com,EVJiG68p9ny7
